{
  "$schema": "http://json-schema.org/draft-07/schema#",
  "title": "QueryMsg",
  "anyOf": [
    {
      "type": "object",
      "required": [
        "balance"
      ],
      "properties": {
        "balance": {
          "type": "object",
          "required": [
            "address"
          ],
          "properties": {
            "address": {
              "$ref": "#/definitions/HumanAddr"
            }
          }
        }
      }
    },
    {
      "type": "object",
      "required": [
        "config"
      ],
      "properties": {
        "config": {
          "type": "object"
        }
      }
    }
  ],
  "definitions": {
    "HumanAddr": {
      "type": "string"
    }
  }
}
